Date,Company,Ticker,Sentiment,Title
1970-01-01,ecopetrol,EC,0.0,[Removed]
1970-01-01,aes_andes,AES,0.0,[Removed]
1970-01-01,aes_andes,AES,0.0,[Removed]
1970-01-01,aes_andes,AES,0.0,[Removed]
1970-01-01,minas_buenaventura,BVN,0.0,[Removed]
1970-01-01,ecopetrol,EC,0.0,[Removed]
1970-01-01,pampa_energía,PAM,0.0,[Removed]
1970-01-01,pampa_energía,PAM,0.0,[Removed]
1970-01-01,interconexion_electrica,ISA,0.0,[Removed]
1970-01-01,interconexion_electrica,ISA,0.0,[Removed]
1970-01-01,interconexion_electrica,ISA,0.0,[Removed]
1970-01-01,vista_energy,VIST,0.0,[Removed]
1970-01-01,interconexion_electrica,ISA,0.0,[Removed]
1970-01-01,petrobras,PBR,0.0,[Removed]
1970-01-01,ecopetrol,EC,0.0,[Removed]
1970-01-01,interconexion_electrica,ISA,0.0,[Removed]
1970-01-01,pampa_energía,PAM,0.0,[Removed]
1970-01-01,pampa_energía,PAM,0.0,[Removed]
1970-01-01,pampa_energía,PAM,0.0,[Removed]
1970-01-01,interconexion_electrica,ISA,0.0,[Removed]
1970-01-01,interconexion_electrica,ISA,0.0,[Removed]
1970-01-01,pampa_energía,PAM,0.0,[Removed]
2024-08-07,eletrobras,EBR,0.8316,Centrais Elétricas Brasileiras S.A. – Eletrobrás (NYSE:EBR) Upgraded to Buy at StockNews.com
2024-08-08,eletrobras,EBR,0.936,Will the wait of home loan borrowers for reduction in EMIs be a reality in October this year? Here’s how to make the best of falling rates
2024-08-09,ypf,YPF,0.0,YPF Moves to Sell Units as It Ramps Up Divestments in Shale Push
2024-08-09,ypf,YPF,0.5423,Earnings call: Pampa Energia outlines robust infrastructure and export plans
2024-08-09,vista_energy,VIST,0.9649,Top 12 Write For Us Business Guest Post Sites
2024-08-10,eletrobras,EBR,0.9246,Lattice MachXO5D-NX FPGA Family: Enabling Hardware Security in Programmable FPGAs
2024-08-10,minas_buenaventura,BVN,0.875,"700,000 manufacturers, MSMEs apply for FG’s N150bn loan"
2024-08-10,ypf,YPF,0.9545,"Cetera Advisors LLC Buys 1,066 Shares of YPF Sociedad Anónima (NYSE:YPF)"
2024-08-10,ypf,YPF,-0.0516,The hunt for Argentina’s ‘alter egos’ in $16bn US court fight
2024-08-10,ypf,YPF,0.0,Central Puerto 2Q24 Earnings Release
2024-08-11,minas_buenaventura,BVN,0.0,JUST IN: NDIC gives N5m each to defunct Heritage Bank customers
2024-08-12,minas_buenaventura,BVN,-0.765,NDIC pays 82% of defunct Heritage Bank depositors
2024-08-12,ypf,YPF,0.872,Earnings call: YPF reported a 20% increase in shale oil production from the Vaca Muerta
2024-08-12,ypf,YPF,-0.2411,Earnings call: Central Puerto reports mixed Q2 2024 results amid new projects
2024-08-13,ypf,YPF,0.5267,"YPF Stock Earnings: YPF Beats EPS, Beats Revenue for Q1 2024"
2024-08-13,eletrobras,EBR,0.836,Centrais Elétricas Brasileiras S.A. – Eletrobrás (NYSE:EBR) Stock Price Crosses Below 200-Day Moving Average of $7.59
2024-08-14,vista_energy,VIST,0.8885,Vista Energy buys back shares worth millions of dollars
2024-08-14,ypf,YPF,0.8519,YPF Sociedad Anónima (NYSE:YPF) Rating Increased to Buy at StockNews.com
2024-08-15,vista_energy,VIST,-0.7184,Effect of low-intensity pulsed ultrasound on postoperative rehabilitation of rotator cuff tears: Protocol for a systematic review and meta-analysis
2024-08-16,vista_energy,VIST,0.9666,"7,794 Shares in Vista Energy, S.A.B. de C.V. (NYSE:VIST) Bought by Baader Bank Aktiengesellschaft"
2024-08-16,ypf,YPF,-0.5859,Conflict Is Brewing in Libya Once Again
2024-08-18,minas_buenaventura,BVN,0.0,easy-monnify added to PyPI
2024-08-18,ypf,YPF,0.765,YPF Sociedad Anónima (NYSE:YPF) Receives $22.18 Consensus PT from Brokerages
2024-08-18,minas_buenaventura,BVN,0.7783,Compañía de Minas Buenaventura S.A.A. (NYSE:BVN) Shares Sold by Vanguard Group Inc.
2024-08-19,minas_buenaventura,BVN,0.9628,Compañía de Minas Buenaventura S.A.A. (NYSE:BVN) Stock Holdings Increased by Blue Trust Inc.
2024-08-20,minas_buenaventura,BVN,0.4215,NYC startup pitches outdoor dining sheds for restaurants that can be taken down and reused
2024-08-20,minas_buenaventura,BVN,0.6705,Compañía de Minas Buenaventura S.A.A. (NYSE:BVN) Price Target Cut to $15.00 by Analysts at Scotiabank
2024-08-20,vista_energy,VIST,-0.3612,"JPMorgan sees upside in Vista Oil & Gas stock, strategic focus on Argentinian shale"
2024-08-20,ypf,YPF,0.0,"MSCI reclassifying Argentina could trigger $1 billion of inflows, JPMorgan says"
2024-08-20,vista_energy,VIST,0.9643,"Vista Energy repurchases shares, updates outstanding count"
2024-08-21,eletrobras,EBR,0.765,Centrais Elétricas Brasileiras S.A. – Eletrobrás (NYSE:EBR) Downgraded by StockNews.com to “Hold”
2024-08-22,minas_buenaventura,BVN,0.0,"FG demands BVN, NIN for $500m bond subscription"
2024-08-22,vista_energy,VIST,-0.6808,"A minimum data set—Core outcome set, core data elements, and core measurement set—For degenerative cervical myelopathy research (AO Spine RECODE DCM): A consensus study"
2024-08-22,vista_energy,VIST,0.969,Vista Energy (NYSE:VIST) Sees Strong Trading Volume
2024-08-23,minas_buenaventura,BVN,-0.8934,Fidelity Bank faults NDPC data breach allegation
2024-08-23,ypf,YPF,0.9246,YPF Sociedad Anónima (NYSE:YPF) Shares Cross Above Two Hundred Day Moving Average of $20.18
2024-08-24,vista_energy,VIST,0.8779,We vist every chance we get…
2024-08-25,eletrobras,EBR,0.875,Centrais Elétricas Brasileiras S.A. – Eletrobrás (NYSE:EBR) Shares Gap Down to $7.60
2024-08-25,minas_buenaventura,BVN,0.9552,Compañía de Minas Buenaventura S.A.A. (BVN): A Good Stock to Buy According to Value Investor Oilfield Partners?
2024-08-25,eletrobras,EBR,0.9633,Centrais Elétricas Brasileiras S.A. – Eletrobrás (NYSE:EBR) Shares Bought by Blue Trust Inc.
2024-08-25,minas_buenaventura,BVN,0.9485,SEC urges investors to secure dividends with enhanced e-portal
2024-08-25,ypf,YPF,0.9801,Blue Trust Inc. Takes Position in YPF Sociedad Anónima (NYSE:YPF)
2024-08-26,petrobras,PBR,0.6705,Sci-fi Ping Pong Table Futuristic - BananaMonkey by Banana Monkey Studio
2024-08-26,petrobras,PBR,0.6705,Carved Wooden Cabinet And Dresser Pack - BananaMonkey by Banana Monkey Studio
2024-08-26,petrobras,PBR,0.8316,Dungeon Floors and Walls 20 Free Samples by Dragyn's Pixel Art
2024-08-26,petrobras,PBR,0.6705,Demon Hunter by Strellok
2024-08-26,petrobras,PBR,-0.312,Demon horror pack by Strellok
2024-08-26,petrobras,PBR,0.6124,Soviet People: Factory by Paul N.
2024-08-26,petrobras,PBR,0.6705,Pbr Metal Trolley Realistic - BananaMonkey by Banana Monkey Studio
2024-08-26,petrobras,PBR,0.6705,Astrolabe Armillary Sphere Antique Astronomical Instrument - BananaMonkey by Banana Monkey Studio
2024-08-26,petrobras,PBR,-0.4404,"Morgan Stanley lifts Petrobras stock rating to overweight, raises PT to $20"
2024-08-26,petrobras,PBR,0.6705,Realistic Rocks Pack - BananaMonkey by Banana Monkey Studio
2024-08-26,petrobras,PBR,-0.1531,50 Evil Masks Mega Pack - Rangers Low Poly Mask by Laxminarayan Artistry
2024-08-26,petrobras,PBR,0.7783,Futuristic Spaceship Sci-fi - BananaMonkey by Banana Monkey Studio
2024-08-26,petrobras,PBR,0.7964,Rusty Lamp by HunterCraft Creations
2024-08-26,petrobras,PBR,0.0,Green Petroleum and Calcined Petroleum Coke Industry Research - Market Forecasts from 2024 to 2029
2024-08-26,petrobras,PBR,0.7269,Female Soldier R by Alpen Wolf
2024-08-26,petrobras,PBR,0.0,Ibovespa sobe e busca 137 mil pontos com commodities e sinal de Caged de julho forte
2024-08-26,petrobras,PBR,0.9118,Petrobras Eyes Argentina Deals to Boost Energy Imports
2024-08-26,petrobras,PBR,0.6739,Professional Bull Riders move to Texas from Colorado
2024-08-26,petrobras,PBR,0.5994,4 Low Price-Earnings Ratio Stocks At Or Near 2024 Highs
2024-08-26,petrobras,PBR,0.7845,Golem_3_ by Tanya_Er
2024-08-26,petrobras,PBR,0.7845,Pick ups & Power ups models & scripts by NoOp Army
2024-08-26,petrobras,PBR,0.7351,NPC Dystopia Characters by Maksim Bugrimov
2024-08-26,petrobras,PBR,0.6705,3D sci-fi spaceship Hurricane #07f by Entian-Astea
2024-08-26,petrobras,PBR,0.7717,steampunk - Steam City (URP) by IL.ranch
2024-08-26,minas_buenaventura,BVN,0.0258,"Funke Akindele Calls Out WhatsApp Scammer Using Her Photo to Request N200k From Victims, Leaks Chat"
2024-08-26,ypf,YPF,0.9712,SG Americas Securities LLC Acquires New Stake in YPF Sociedad Anónima (NYSE:YPF)
2024-08-26,ypf,YPF,0.9674,YPF Sociedad Anónima (NYSE:YPF) Shares Sold by Assenagon Asset Management S.A.
2024-08-26,ypf,YPF,0.9118,Petrobras Eyes Argentina Deals to Boost Energy Imports
2024-08-26,ypf,YPF,0.9485,100% Renewable Energy for Los Azules
2024-08-26,ypf,YPF,0.9628,100% Renewable Energy for Los Azules
2024-08-26,ypf,YPF,0.9001,100% Renewable Energy for Los Azules
2024-08-26,ypf,YPF,0.7845,McEwen Mining announces McEwen Copper renewable energy MOU with YPF Luz
2024-08-27,petrobras,PBR,0.6369,Tickets go on sale for 2025 National Western Stock Show
2024-08-27,petrobras,PBR,0.5423,Petróleo Brasileiro S.A. – Petrobras (NYSE:PBR) Upgraded to Overweight by Morgan Stanley
2024-08-27,petrobras,PBR,0.7269,DemonLord_1 by Leks
2024-08-27,petrobras,PBR,0.5927,Tools to watch in Fall 2024: SwitchLight Studio
2024-08-27,petrobras,PBR,0.7897,China Successfully Performs Full Cooling Failure Test On New ‘Meltdown Proof’ Nuclear Reactor
2024-08-27,eletrobras,EBR,0.9781,"4,000 Mile M850 Road Trip Highlighting Wyoming, Colorado & Utah"
2024-08-27,petrobras,PBR,-0.34,Libya Supply Outage Sparks Uncertainty in Oil Markets
2024-08-27,petrobras,PBR,0.8779,Ultra Engine 0.9.7 Released
2024-08-27,petrobras,PBR,-0.0958,Lula’s Push for Natural Gas Raises Intervention Fears in Brazil
2024-08-27,ypf,YPF,0.743,"Bloomingdale’s premieres ‘From Italy, With Love’"
2024-08-27,petrobras,PBR,0.9118,TGS and Petrobras Sign MoU for Partnership in Scientific Research and Technological Development
2024-08-28,petrobras,PBR,0.8271,Futuristic Battery Container Energy tank Sci-Fi - BananaMonkey by Banana Monkey Studio
2024-08-28,aes_andes,AES,0.0,Orchard Therapeutics Announces Multiple Presentations from across its Late-stage Neurometabolic Portfolio at SSIEM 2024
2024-08-28,aes_andes,AES,0.8658,"FastestVPN PRO Lifetime Plan w/ 15 Logins, Wireguard Protocol & Free Password Manager for $25"
2024-08-28,petrobras,PBR,0.7351,WW2 German Tank Panzer 3 by Zeus Game Assets
2024-08-28,aes_andes,AES,-0.0772,These Are The Last 2 Cheap Utility Dividends
2024-08-28,petrobras,PBR,0.6705,Bandit Valley Village by Leartes Studios
2024-08-28,petrobras,PBR,0.8047,Unicorn girl by Golderov
2024-08-28,petrobras,PBR,0.6705,Old Tools (Low Poly) by Bricks and Steel Studio
2024-08-28,petrobras,PBR,0.6705,Lola by AlinaKrupenko
2024-08-28,petrobras,PBR,0.0,7R 2.8L-Powered 1966 Porsche 912 Coupe 5-Speed
2024-08-28,vista_energy,VIST,-0.9267,'This story is from Mississippi': PA Democrats pounce as rival conflates Philadelphias
2024-08-28,aes_andes,AES,0.8834,Westhaven Provides an Exploration Update on Its Prospect Valley Property
2024-08-28,aes_andes,AES,-0.4939,"New LummaC2 Malware Variant Uses PowerShell, Obfuscation to Steal Data"
2024-08-28,vista_energy,VIST,-0.891,Stolen influencer pics used to promote Trump could be 'tip of the iceberg': report
2024-08-28,aes_andes,AES,0.9306,The Security Hustle: Protecting My Bitcoin From Hackers
2024-08-28,minas_buenaventura,BVN,-0.9643,"Rivers family accuses police of son’s arrest, torture"
2024-08-28,aes_andes,AES,0.9756,"Wealth Enhancement Advisory Services LLC Purchases Shares of 1,800 Rogers Co. (NYSE:ROG)"
2024-08-28,aes_andes,AES,0.9371,Retirement Systems of Alabama Raises Holdings in The AES Co. (NYSE:AES)
2024-08-28,aes_andes,AES,0.9153,Certified Refurb eufy Wireless WiFi Video Doorbell 2K Security Camera for $66 + free shipping
2024-08-28,aes_andes,AES,0.9829,Protect your whole family with a free trial of 1Password for Families
2024-08-28,eletrobras,EBR,0.959,SG Americas Securities LLC Boosts Holdings in Centrais Elétricas Brasileiras S.A. – Eletrobrás (NYSE:EBR)
2024-08-28,vista_energy,VIST,-0.9806,'Sickening': Trump post spurs outrage — and new accusations that he broke the law
2024-08-28,aes_andes,AES,0.9337,Westhaven Provides an Exploration Update on Its Prospect Valley Property
2024-08-28,petrobras,PBR,0.6705,Ava by AlinaKrupenko
2024-08-28,aes_andes,AES,0.9022,Companies turn to new technology amid unexpected challenge to building solar farms in US: 'There's a learning curve'
2024-08-29,aes_andes,AES,0.4019,Ratios of indexed line charts by @ellis2013nz
2024-08-29,petrobras,PBR,0.2023,Crude Reality: South America’s Offshore Oil Buries Net Zero Agenda
2024-08-29,petrobras,PBR,0.891,Helix Bags 3-Year Contracts with Petrobras for Well Intervention Vessels
2024-08-29,petrobras,PBR,0.4588,Petrobras' Second FPSO in Mero Attains Top Production
2024-08-29,petrobras,PBR,0.9577,Event Stage Truss by Lyrebird Studio
2024-08-29,aes_andes,AES,0.7906,"TorGuard review: a fast, cheap VPN that makes some tradeoffs"
2024-08-29,aes_andes,AES,0.8934,Grab this 4TB Samsung portable SSD for more than 50% off at Amazon this Labor Day
2024-08-29,aes_andes,AES,0.886,High Fidelity Data: Balancing Privacy and Usage
2024-08-29,aes_andes,AES,0.0,Merck Pulls Plug On Two Keytruda Late-Stage Studies On Underwhelming Data
2024-08-29,aes_andes,AES,0.5719,AMD Ryzen 9 9950X CPU Review - Top Dog Zen 5 Tested
2024-08-29,petrobras,PBR,0.6124,Sci-fi Modular Military by Slayver
2024-08-29,petrobras,PBR,0.6908,Sci-fi Cyber Victim 4 by GACHKOVSKYY
2024-08-29,aes_andes,AES,0.9628,Condense: Enhancing Reporting Efficiency through IBCS Standards
2024-08-29,aes_andes,AES,0.0,DAILY CURRENT AFFAIRS IAS | UPSC Prelims and Mains Exam – 28th August 2024
2024-08-29,aes_andes,AES,0.0,"India's largest Chandipura outbreak in 20 years with 82 deaths, says WHO"
2024-08-29,aes_andes,AES,0.875,Louisiana State Employees Retirement System Purchases 100 Shares of Rogers Co. (NYSE:ROG)
2024-08-29,ypf,YPF,0.2023,Crude Reality: South America’s Offshore Oil Buries Net Zero Agenda
2024-08-29,minas_buenaventura,BVN,0.4019,Council on Tall Buildings and Urban Habitat Aims to Understand and Address the Global Density Dilemma
2024-08-29,petrobras,PBR,0.7003,Tables - Realistic 4K Mesh Bundle Vol.01 by Ditag Design
2024-08-29,petrobras,PBR,0.7351,4K Ceramic Tiles PACK by Multiple Solutions
2024-08-29,petrobras,PBR,0.6705,Sports Man by 3D Nodo
2024-08-29,petrobras,PBR,0.7906,Materials Collection Vol.1 by KloWorks
2024-08-29,aes_andes,AES,0.836,Show HN: Low Cost Mini PCs
2024-08-30,interconexion_electrica,ISA,0.0,The utility of orbital imaging in the evaluation of orbital disease
2024-08-30,interconexion_electrica,ISA,-0.9836,"Israel: Hamas’s Rafah Terror Brigade Has Collapsed, 80% of Border Tunnels Destroyed"
2024-08-30,interconexion_electrica,ISA,-0.9423,"IDF kills Wassem Hazem, head of Hamas in Jenin"
2024-08-30,petrobras,PBR,0.807,Construction Props Collection by EVOLVE Studio LTD
2024-08-30,petrobras,PBR,0.0,"Giant oil field decline rates, peak oil, & reserves"
2024-08-30,petrobras,PBR,0.5983,The Coffee Stop by DEXSOFT
2024-08-30,interconexion_electrica,ISA,0.3182,Rust in Linux Revisited
2024-08-30,eletrobras,EBR,0.6103,Kdenlive Café
2024-08-30,interconexion_electrica,ISA,0.9545,50 Years Of Happy Jewelers: Continuing The Legacy of Isa Arik
2024-08-30,interconexion_electrica,ISA,-0.5574,Accelerating Predictive Maintenance in Manufacturing with RAPIDS AI
2024-08-30,interconexion_electrica,ISA,-0.7184,NFRA-ICAI tussle over key audit standard overhaul: CA Institute Council to meet on Sep 17 to discuss future strategy
2024-08-30,interconexion_electrica,ISA,0.0772,ICAI council to weigh proposed revamp of audit in sync with global standards
2024-08-30,interconexion_electrica,ISA,0.0,Spring snow heading to south-east Australia as record run of winter heat comes to an end
2024-08-30,petrobras,PBR,0.0,김건희 게이트(Rolex Gate) 107 (feat. 프로젝트 2025)
2024-08-30,interconexion_electrica,ISA,0.1531,Charli XCX to Star in Erotic Thriller With Olivia Wilde and Cooper Hoffman
2024-08-30,interconexion_electrica,ISA,-0.5023,Queensland's last day of winter may be the warmest we've felt in decades
2024-08-30,aes_andes,AES,0.891,Automatically replicate your card payment keys across AWS Regions
2024-08-30,aes_andes,AES,0.2732,Russia warns Europe of higher gas prices if Ukraine cancels its transit agreement…
2024-08-30,aes_andes,AES,0.6908,B.audio Alpha Integrated Amplifier
2024-08-30,aes_andes,AES,-0.91,North Korean threat actor Citrine Sleet exploiting Chromium zero-day | Microsoft Security Blog
2024-08-30,vista_energy,VIST,0.936,Vista Energy (NYSE:VIST) Research Coverage Started at Bank of America
2024-08-30,aes_andes,AES,-0.5994,Cyberattackers use fake Palo Alto GlobalProtect to backdoor Middle East firms
2024-08-30,aes_andes,AES,0.573,Sampling without replacement with unequal probabilities by @ellis2013nz
2024-08-30,aes_andes,AES,0.9781,"HB Wealth Management LLC Acquires 4,038 Shares of The AES Co. (NYSE:AES)"
2024-08-30,aes_andes,AES,0.0,DAILY CURRENT AFFAIRS IAS | UPSC Prelims and Mains Exam – 29th August 2024
2024-08-30,aes_andes,AES,-0.0258,Amazon Deal: The 4TB Samsung T5 EVO SSD drops to its lowest price
2024-08-30,aes_andes,AES,0.9789,Kingspan Group (OTCMKTS:KGSPF) vs. Lennox International (NYSE:LII) Financial Survey
2024-08-30,aes_andes,AES,0.8442,Puma Bmw M Motorsport Roma Via Gs White / Warm White
2024-08-30,aes_andes,AES,0.0,西日本初上陸のスピーカー、英MONITOR AUDIO社のフラッグシップモデル「HYPHN」「STUDIO89」試聴会のご案内【オーディオユニオン大阪店】
2024-08-30,aes_andes,AES,-0.8689,Sabatolimab in combination with spartalizumab in patients with non-small cell lung cancer or melanoma who received prior treatment with anti-PD-1/PD-L1 therapy: a phase 2 multicentre study
2024-08-30,aes_andes,AES,-0.8442,Silent Intrusions: Godzilla Fileless Backdoors Targeting Atlassian Confluence
2024-08-30,aes_andes,AES,0.9483,IO Biotech Updates on Pivotal Phase 3 Trial of IO102-IO103 in Combination with KEYTRUDA® (pembrolizumab) as a First-Line Treatment for Patients with Advanced Melanoma
2024-08-30,ypf,YPF,0.0,YPF Eyes Sale of Lithium Unit as Focus Narrows on Shale Ramp-Up
2024-08-30,ypf,YPF,0.0,YPF Eyes Sale of Lithium Unit as Focus Narrows on Shale Ramp-Up
2024-08-30,ypf,YPF,0.9313,Why Energy Company YPF Shares Are Gaining Today
2024-08-30,ypf,YPF,0.765,YPF Sociedad Anónima (NYSE:YPF) Stock Rating Upgraded by Jefferies Financial Group
2024-08-30,aes_andes,AES,0.7783,Encryption and Decryption using AES (Symmetric) in Angular
2024-08-30,aes_andes,AES,0.34,Encryption and Decryption using RSA (asymmetric) in Angular
2024-08-31,interconexion_electrica,ISA,-0.3612,IDF eliminates commander of Islamic Jihad's Central Camps Brigade
2024-08-31,interconexion_electrica,ISA,-0.7845,"Chronological Reading for Saturday August 31, 2024 (NIV)"
2024-08-31,interconexion_electrica,ISA,0.802,"Old/New Testament Reading for Saturday August 31, 2024 (NIV)"
2024-08-31,interconexion_electrica,ISA,0.0,SB19 bares who they really are in ‘PAGTATAG!’ docu
2024-08-31,interconexion_electrica,ISA,0.9161,Strategies for effective multilingual content marketing
2024-08-31,interconexion_electrica,ISA,0.7496,Did Jesus Teach That Our Prayers Are Bothersome to God? (Luke 18)
2024-08-31,interconexion_electrica,ISA,0.6816,Microsoft's Maia 100 looks to bring customers a cost effective AI acceleration solution
2024-08-31,interconexion_electrica,ISA,0.9488,Who the Tribulation Altar Will Point To
2024-08-31,interconexion_electrica,ISA,-0.8625,State agencies on high alert for potential floods
2024-08-31,petrobras,PBR,0.9869,Critical Contrast: Vital Energy (NYSE:VTLE) and Petróleo Brasileiro S.A. – Petrobras (NYSE:PBR)
2024-08-31,petrobras,PBR,0.4588,Surrept - Live Broadcast
2024-08-31,aes_andes,AES,0.9231,Zurcher Kantonalbank Zurich Cantonalbank Boosts Holdings in The AES Co. (NYSE:AES)
2024-08-31,interconexion_electrica,ISA,-0.9633,Israel Expands West Bank Operation After Car Bombings by Hamas Terrorists
2024-08-31,interconexion_electrica,ISA,0.8481,Weekend reading: Fama and fortune
2024-08-31,pampa_energía,PAM,0.4841,Hulu’s new ‘Baywatch’ doc barely scratches the show's pretty surface
2024-08-31,aes_andes,AES,0.1779,"【期間限定セール】fanxiang S501Q － Gen3.0×4 M.2 Type2280 NVMe 2TB SSDが12,979円送料無料 - 安値世界一への挑戦"
2024-08-31,pampa_energía,PAM,0.25,Duke Robillard – Roll with Me (2024)
2024-08-31,aes_andes,AES,0.5106,Hundreds of customers still without power after storms roll through Indianapolis overnight
2024-08-31,aes_andes,AES,-0.7506,Netlogon Weak Cryptographic Authentication
2024-08-31,aes_andes,AES,0.0,Arris DG950A Cable Modem Wifi Enumeration
2024-08-31,pampa_energía,PAM,0.9286,"Mike Flanagan Would ‘Love To’ Join James Gunn’s DCU, And There Are 3 Characters I Know He’d Be The Perfect Choice For"
2024-08-31,aes_andes,AES,0.6597,QOwnNotes 24.9
2024-08-31,aes_andes,AES,0.802,Mactrast Deals: OysterVPN: VPN Lifetime Subscription
2024-08-31,eletrobras,EBR,0.9246,Centrais Elétricas Brasileiras S.A. – Eletrobrás (NYSE:EBR) Shares Gap Down to $7.61
2024-08-31,interconexion_electrica,ISA,0.9702,'I'm proud of you' - Cook & Root react to century record
2024-08-31,pampa_energía,PAM,-0.6597,Scaramucci: Trump Has a ‘Problem Reading and Probably Various Learning Disabilities’
2024-09-01,pampa_energía,PAM,0.6677,Schiff: Trump Does Not Give a Damn About the Country — Giving a ‘Green Light to Further Violence
2024-09-01,interconexion_electrica,ISA,0.8217,Watch: STAYC Announces October Comeback In Cute Teaser Video
2024-09-01,pampa_energía,PAM,0.6331,"Miami soars! Iowa scores!! Plus, freshman phenoms, Dabo's downfall and lots more in a wild Week 1"
2024-09-01,pampa_energía,PAM,0.9246,Pampa Energía (NYSE:PAM) Stock Price Up 5.2%
2024-09-01,pampa_energía,PAM,0.8625,The IX Questionnaire: Naomi Yamashita and Vanessa Evers
2024-09-01,interconexion_electrica,ISA,0.128,"Six Hostage Bodies Retrieved In Gaza, Israeli-American Hersh Goldberg-Polin Among Them"
2024-09-01,interconexion_electrica,ISA,-0.9837,"Israeli-American Hostage Hersh Goldberg-Polin and 5 Others Found Dead, Murdered by Hamas One Week After Parents Spoke at DNC Convention Pleading for His Release – Executed by Hamas in a Gaza Tunnel"
2024-09-01,interconexion_electrica,ISA,0.2732,Catholic Caucus: Daily Mass Readings 1-September-2024
2024-09-01,interconexion_electrica,ISA,-0.9413,"Netanyahu mourns deaths of six hostages recovered in Gaza, vows to 'settle accounts' with Hamas"
2024-09-01,interconexion_electrica,ISA,0.0,Louise Erdrich Reads Karen Russell
2024-09-01,interconexion_electrica,ISA,-0.4939,No wifi adapter found in 24.04
2024-09-01,interconexion_electrica,ISA,-0.8011,No wifi adapter found in 24.04(SOLVED!!)
2024-09-01,interconexion_electrica,ISA,0.2235,"Chronological Reading for Sunday September 1, 2024 (NIV)"
2024-09-01,interconexion_electrica,ISA,-0.9403,"American-Israeli Hostage Hersh Goldberg-Polin Found Dead in Gaza, Murdered by Hamas"
2024-09-01,pampa_energía,PAM,0.9638,Controversial Point: George Clooney and Brad Pitt Are Good Together
2024-09-01,pampa_energía,PAM,0.5584,‘Wolfs’ Review: George Clooney and Brad Pitt Are Rival Fixers in a Winning Action Comedy Spiked With Movie-Star Chemistry
2024-09-01,pampa_energía,PAM,0.7806,‘Wolfs’ Venice Film Festival Review: It’s the George Clooney/Brad Pitt Show … And Little Else
2024-09-01,pampa_energía,PAM,0.3818,‘Wolfs’ Review: Brad Pitt And George Clooney Face Off As Aging Fixers In Jon Watts’ Verbose Action Comedy – Venice Film Festival
2024-09-01,pampa_energía,PAM,-0.9225,"Cotton: Biden, Harris Have Not Let Israel Win the War"
2024-09-01,petrobras,PBR,0.2023,"Street Calls of the Week: Moderna upgraded, downgrade for Hershey"
2024-09-01,pampa_energía,PAM,0.5859,Tim Kaine: Kamala Has Both ‘Vibes and Accomplishments’
2024-09-01,pampa_energía,PAM,0.8225,Tim Kaine: Kamala Has Both 'Vibes and Accomplishments'
2024-09-01,pampa_energía,PAM,0.6522,Schiff: Trump Does Not Give a Damn About the Country — Giving a 'Green Light to Further Violence
2024-09-01,pampa_energía,PAM,0.69,I'll you ready! Whenever you need? new Baywatch documentary now streaming on Hulu
2024-09-01,pampa_energía,PAM,0.0,"MA Gov. Healey: Trump's IVF Proposal 'Patently False,' 'Offensive'"
2024-09-01,pampa_energía,PAM,0.872,Polis: Kamala Has 'Always Been Supportive of Building Barriers and Walls for Certain Parts of the Border'
2024-09-01,pampa_energía,PAM,-0.8462,How to configure samba on Ubuntu to add a folder to Windows libraries?
2024-09-01,pampa_energía,PAM,0.9636,"15 Best Quentin Tarantino Movie Characters, Ranked"
2024-09-01,pampa_energía,PAM,0.0,"MA Gov. Healey: Trump’s IVF Proposal ‘Patently False,’ ‘Offensive’"
2024-09-01,aes_andes,AES,0.6705,Li Auto Inc. August 2024 Delivery Update
2024-09-01,aes_andes,AES,0.2732,Li Auto Inc. August 2024 Delivery Update
2024-09-01,aes_andes,AES,0.8225,"Making Voting Easier for Disabled and Overseas Voters: Secure, Accessible Virtual Voting Infrastructure"
2024-09-01,vista_energy,VIST,0.0,"Etlar, Carit: Ungdoms kampe [Danish] v1. 01 Sep 2024 (Other Fiction, ePub)"
2024-09-01,vista_energy,VIST,0.0,"Etlar, Carit: Viben Peter  Fortælling fra Ditmarsken [Danish] v1. 01 Sep 2024 (Historical Fiction, ePub)"
2024-09-01,aes_andes,AES,0.9422,The Clock Is Ticking – Grab This Crazy Good NordVPN Deal Today!
2024-09-01,aes_andes,AES,0.34,This Is How I Think Wheel Of Time Will Introduce Callandor In Season 3
2024-09-01,aes_andes,AES,0.8934,Grab this 4TB Samsung portable SSD for more than 50% off at Amazon this Labor Day
2024-09-01,aes_andes,AES,0.7017,Show HN: CLI tool that allows you to encrypt and decrypt your env variables
2024-09-02,aes_andes,AES,-0.7424,IntelliNet 2.0 Remote Root
2024-09-02,interconexion_electrica,ISA,-0.9709,Hunger protest: Amnesty International faults planned mass trial of activists
2024-09-02,interconexion_electrica,ISA,0.969,"Alden Richards talks closer bond with Kathryn Bernardo after 'Hello, Love, Again' shoot"
2024-09-02,interconexion_electrica,ISA,0.6249,"Matteo Guidicelli, sinamahan si Sarah Geronimo sayawin ang 'Maybe This Time'"
2024-09-02,interconexion_electrica,ISA,-0.9607,"Nigeria charges protesters with treason, inciting military"
2024-09-02,interconexion_electrica,ISA,-0.9735,"Nigeria charges 10 protesters with treason, inciting military"
2024-09-02,eletrobras,EBR,0.9851,Centrais Elétricas Brasileiras S.A. – Eletrobrás (NYSE:EBR) Short Interest Up 8.2% in August
2024-09-02,interconexion_electrica,ISA,-0.7184,"Donald Trump's Trading Cards a 'Bad Bet,' Appraiser Says"
2024-09-02,interconexion_electrica,ISA,-0.3917,"Former police official: 'Hamas didn't plan for festival, massacre was almost prevented'"
2024-09-02,interconexion_electrica,ISA,-0.9923,Protesters in Nigeria face possible death penalty as accusation of treason brings outrage
2024-09-02,interconexion_electrica,ISA,-0.9517,"Days After Hamas Executed Hostages, Biden Blames Netanyahu For Not “Doing Enough” To Get Deal"
2024-09-02,interconexion_electrica,ISA,-0.9713,"PM Netanyahu: ""Whoever murders hostages - does not want a deal."""
2024-09-02,interconexion_electrica,ISA,-0.9779,"14 terrorists eliminated, weapons cache located in Jenin op."
2024-09-02,interconexion_electrica,ISA,-0.9552,"Bandits kill one police officer, vigilante in Sokoto"
2024-09-02,interconexion_electrica,ISA,-0.5719,"Wifi option disappeared after update, 22.04"
2024-09-02,interconexion_electrica,ISA,-0.6199,"Chronological Reading for Monday September 2, 2024 (NIV)"
2024-09-02,pampa_energía,PAM,0.6249,"Maggie Gyllenhaal's THE BRIDE Described as a ""Punk,"" ""Violent,"" and ""Wildly Romantic"" Musical"
2024-09-02,pampa_energía,PAM,0.995,Hot Miles and Points Credit Card Deals About to End
2024-09-02,pampa_energía,PAM,0.1984,Stack Overflow: It’s a Mystery!
2024-09-02,pampa_energía,PAM,0.5574,7 of the biggest fish ever caught in Colorado were hooked right here in Pueblo County
2024-09-02,interconexion_electrica,ISA,0.7263,'MG Century 100 Years' Is the Story of America's Favorite Sports Car
2024-09-02,pampa_energía,PAM,0.5588,Gavin and Stacey filming locations: Where in Wales was the series filmed?
2024-09-02,pampa_energía,PAM,0.5859,"America's first teacher picked for space, Christa McAuliffe, honored with statue in New Hampshire"
2024-09-02,pampa_energía,PAM,0.765,"Filming begins for final episode of Gavin and Stacey, BBC announces"
2024-09-02,pampa_energía,PAM,-0.296,Christa McAuliffe first woman with a statue on N.H. capitol grounds
2024-09-02,pampa_energía,PAM,0.7269,32 Great Sci-Fi TV Shows From The '70s And '80s
2024-09-02,pampa_energía,PAM,-0.5984,Trump Nephew: Kamala Harris 'Buckle Your Seat Belts' — It's Going Get More Nasty
2024-09-02,pampa_energía,PAM,-0.8595,MSNBC's Johnson: Voters Don't Care About Harris Doing Interviews
2024-09-02,interconexion_electrica,ISA,0.1027,Promising New Antibiotics Could Be Hiding in Our Gut Microbiomes
2024-09-02,interconexion_electrica,ISA,0.765,Race to capture portraits of cattlemen who are 'unsung heroes' of the outback
2024-09-02,aes_andes,AES,-0.0772,2024-08-22 PEAKLIGHT Stealthy Memory-Only Malware Samples
2024-09-02,pampa_energía,PAM,-0.3182,"Next-Generation Attacks, Same Targets - How to Protect Your Users' Identities"
2024-09-02,interconexion_electrica,ISA,-0.9853,Treason Charge Means Protesters Face Death Penalty
2024-09-02,interconexion_electrica,ISA,-0.9652,"Nigeria charges protesters with treason, inciting military"
2024-09-02,interconexion_electrica,ISA,-0.9678,10 anti-government protesters go on trial for treason in Nigeria
2024-09-02,petrobras,PBR,0.807,12 Industrial Props Pack by EVOLVE Studio LTD
2024-09-02,petrobras,PBR,0.936,"International Assets Investment Management LLC Invests $157,000 in Petróleo Brasileiro S.A. – Petrobras (NYSE:PBR)"
2024-09-02,petrobras,PBR,0.9468,Ritholtz Wealth Management Trims Position in Petróleo Brasileiro S.A. – Petrobras (NYSE:PBR)
2024-09-02,petrobras,PBR,0.0516,Low Poly Mummy Motorbike by HGames-ArtWorks
2024-09-02,petrobras,PBR,0.0,Brazil's government considers taxing big techs if revenue falls short
2024-09-02,petrobras,PBR,0.0,Brazil's government considers taxing big techs if revenue falls short
2024-09-02,petrobras,PBR,0.0,Brazil's government considers taxing big techs if revenue falls short
2024-09-02,petrobras,PBR,0.9371,Volume-02 GYM Equipments by Guns'N'Tanks
2024-09-02,petrobras,PBR,-0.9666,"Scarcity: NNPC constitutes economic danger, sell it"
2024-09-02,ecopetrol,EC,0.0,『魔法使いの約束』より、ルームウェアやあみぐるみ等の雑貨が登場！
2024-09-02,aes_andes,AES,0.0,Encryption and Decryption using AES in .NET Core and .NET Framework
2024-09-02,aes_andes,AES,0.3182,Samsung 1TB Portable SSD T7 USB3.2 Titan Gray $159 at Bing Lee Click&Collect
2024-09-02,aes_andes,AES,0.9601,Sumitomo Mitsui DS Asset Management Company Ltd Increases Stock Holdings in The AES Co. (NYSE:AES)
2024-09-02,aes_andes,AES,0.9371,Buy this 4TB Samsung portable SSD for more than 50% off at Amazon this Labor Day
2024-09-02,aes_andes,AES,0.0,parendum-astra-api added to PyPI
2024-09-02,aes_andes,AES,0.5118,Can a VPN really hide all of your torrent activity?
2024-09-02,ecopetrol,EC,-0.6199,"Chronological Reading for Monday September 2, 2024 (NIV)"
2024-09-02,aes_andes,AES,0.0,最近在读Understanding Cryptography
2024-09-02,petrobras,PBR,0.875,Petróleo Brasileiro S.A. – Petrobras (NYSE:PBR) Receives $17.63 Average Price Target from Analysts
2024-09-02,ecopetrol,EC,0.0,TVアニメ『ブルーロック』「ナポレオンジャケット×鷹」がテーマの描き下ろし第二弾オリジナルグッズの発売が決定！
2024-09-02,ecopetrol,EC,0.4939,株式会社TsuzucleTsuzucle、「コスト削減と利益率向上を実現するECのシステム投資」 に関するホワイトペーパーを公開
2024-09-02,ecopetrol,EC,0.0,fw-gear-rtp2-preproc added to PyPI
2024-09-02,ecopetrol,EC,0.8698,Why did My X.com signon date change? Did Trump have more than 270 EC votes?
2024-09-02,ecopetrol,EC,0.8126,Frontiers | Unlocking the potential of exercise: harnessing myokines to delay musculoskeletal aging and improve cognitive health
2024-09-02,aes_andes,AES,-0.6808,Developing EV battery enclosures with lower carbon emissions
2024-09-02,ecopetrol,EC,0.9136,"The U.S. Environmental Protection Agency announced it was giving a private, historically black university in New Orleans a $19.9 million grant, some of which will be used to buy electric bikes for 300 families."
2024-09-02,ecopetrol,EC,0.8271,Frontiers | Case report: Carnivore–ketogenic diet for the treatment of inflammatory bowel disease: a case series of 10 patients
2024-09-02,ecopetrol,EC,0.9169,"Nifty holds 25,200 level; PSU bank stocks rally for 3rd day"
2024-09-02,ecopetrol,EC,0.4588,Sandur Manganese gets environment clearance for iron ore production from Ramghad Mine
2024-09-02,ecopetrol,EC,0.7964,"Austria Construction Market, Trends and Forecasts Analysis to 2028: Annual Average Growth Rate of 2.4% between 2025 and 2028, Amid Government's Plan to Expand its Rail Network by 2040"
2024-09-03,pampa_energía,PAM,-0.8225,Gold Star Mom Barnett Defends Trump's Arlington Visit: 'He's Been Our Rock'
2024-09-03,interconexion_electrica,ISA,-0.1779,IPMI
2024-09-03,aes_andes,AES,0.0,"Incase will launch rebranded ""Designed by Microsoft"" peripherals in Q4 2024"
2024-09-03,interconexion_electrica,ISA,0.0,"Chronological Reading for Tuesday September 3, 2024 (NIV)"
2024-09-03,interconexion_electrica,ISA,-0.6553,How “painful” will the Budget be for your finances?
2024-09-03,interconexion_electrica,ISA,-0.9797,"Amnesty kicks as court remands pregnant woman, nine others"
2024-09-03,interconexion_electrica,ISA,-0.6369,"FG warns 22 states, FCT of heavy rains, floods"
2024-09-03,interconexion_electrica,ISA,-0.9735,"Military arrests 15 Boko Haram arms suppliers, bandits kill policeman"
2024-09-03,interconexion_electrica,ISA,0.3182,Catholic Caucus: Daily Mass Readings 2-September-2024
2024-09-03,interconexion_electrica,ISA,-0.6597,"Investigation paper on individuals detained in ‘swingers’ sex party completed, says KL police chief"
2024-09-03,aes_andes,AES,0.8126,"Yukon Metals Announces Positive Results of up to 14.1 g/t gold and 4,260 ppm copper from Surface Rock Chip and Soils Sampling up to 0.99 g/t gold at its Birch Property"
2024-09-03,vista_energy,VIST,0.9022,Vista Energy announces share repurchase on NYSE and BMV
2024-09-03,aes_andes,AES,-0.296,AVX Instruction Set is Missing on Ubuntu 24.04
2024-09-03,minas_buenaventura,BVN,0.9393,Presenting decision-relevant numerical information to Dutch women aged 50–70 with varying levels of health literacy: Case example of adjuvant systemic therapy for breast cancer
2024-09-03,minas_buenaventura,BVN,0.8316,Banque Cantonale Vaudoise Increases Holdings in Compañía de Minas Buenaventura S.A.A. (NYSE:BVN)
2024-09-03,minas_buenaventura,BVN,0.9042,"Claro Advisors LLC Makes New $208,000 Investment in Compañía de Minas Buenaventura S.A.A. (NYSE:BVN)"
2024-09-03,pampa_energía,PAM,0.5267,We Recreated ‘Around the World in 80 Days’—Here’s What Happened
2024-09-03,pampa_energía,PAM,-0.5672,Statue of fallen 'Teacher-in-Space' Christa McAuliffe unveiled at NH state house
2024-09-03,pampa_energía,PAM,0.7506,Breaking boundaries: PAM-less genome editing in soybean
2024-09-03,pampa_energía,PAM,0.5994,Bellator London has new main event with the cancellation of Johnny Eblen vs. Fabian Edwards
2024-09-03,pampa_energía,PAM,0.9801,NASA Ames Astrogram – July/August 2024
2024-09-03,pampa_energía,PAM,0.9801,NASA Ames Astrogram – July/August 2024
2024-09-03,pampa_energía,PAM,0.0,Toomey: I Don't Buy Kamala Harris Is a Centrist
2024-09-03,pampa_energía,PAM,0.0,Toomey: I Don’t Buy Kamala Harris Is a Centrist
2024-09-03,pampa_energía,PAM,0.8126,Limited-Edition Hot Sauces - These New Sauce Shop Sauces are Arriving Exclusively at ALDI (TrendHunter.com)
2024-09-03,aes_andes,AES,0.8248,Grab this 4TB Samsung portable SSD for more than 50% off at Amazon: Last chance
2024-09-03,pampa_energía,PAM,0.6369,Eblen-Edwards Rematch Postponed; Collins vs. McCourt Elevated to Bellator London Headliner
2024-09-03,pampa_energía,PAM,0.6369,Eblen-Edwards Postponed; Collins vs. McCourt Elevated to Bellator London Headliner
2024-09-03,pampa_energía,PAM,0.4767,"Earnings call: Swiss Life maintains stability, exceeds targets in H1 2024"
2024-09-03,pampa_energía,PAM,0.0516,Ana Navarro: Trump Will Be 'Pregnant' with 'Horrible Consequences of Dobbs'
2024-09-03,pampa_energía,PAM,-0.8227,"RFK Jr: 'Undemocratic' DNC Trying to Keep Me on Ballots, They Don't Have Confidence in Their Nominees"
2024-09-03,aes_andes,AES,0.7579,Troilus Drills 20m Grading 1.66 g/t AuEq in New Gold Zone ‘West Rim’ and Identifies Further Near-Surface High-Grade Targets
2024-09-03,aes_andes,AES,0.5574,Rupert Resources Reports Exceptional Recoveries From Metallurgical Testwork at Ikkari and Provides Exploration Outlook for 2024/25
2024-09-03,aes_andes,AES,0.9493,"Praxis Precision Medicines announces positive topline results from the EMBOLD study in SCN2A and 8A developmental epilepsies, highlighting the disease-modifying potential of relutrigine"
2024-09-03,aes_andes,AES,-0.0516,"Shoot Apple ProRes straight from iPhone 15 to Lexar’s new 4TB 2,000MB/s ARMOR 700 Portable SSD at the $299 low"
2024-09-03,aes_andes,AES,0.9042,"Yukon Metals Announces Positive Results of up to 14.1 g/t gold and 4,260 ppm copper from Surface Rock Chip and Soils Sampling up to 0.99 g/t gold at its Birch Property"
2024-09-03,pampa_energía,PAM,0.9451,21 Incredible Films Turning 50 in 2024 (And Where to Watch Them)
2024-09-03,aes_andes,AES,-0.9652,Low dose TamOxifen and LifestylE changes for bReast cANcer prevention (TOLERANT study): Study protocol of a randomized phase II biomarker trial in women at increased risk for breast cancer
2024-09-03,aes_andes,AES,-0.0772,Impact of vaccination against Japanese encephalitis in endemic countries
2024-09-03,aes_andes,AES,0.8885,"Truist maintains stock target, buy rating on Praxis after impressive study data"
2024-09-03,pampa_energía,PAM,-0.8271,"Andy Fillmore resigns MP seat, becomes official candidate for Halifax mayor"
2024-09-03,interconexion_electrica,ISA,-0.3687,Grace in All Its Forms
2024-09-03,interconexion_electrica,ISA,0.8481,"Sheena Halili, biniro si Regine Velasquez sa video nila ng kanyang mga anak"
2024-09-03,interconexion_electrica,ISA,-0.9648,Why Elle Macpherson Decided Against Chemo in Secret Cancer Battle
2024-09-03,ecopetrol,EC,0.8402,TV Asahi (OTCMKTS:TVAHF) Stock Price Down 3.6%
2024-09-03,ecopetrol,EC,0.4404,SpineGuard obtains EC-MDR certification and launches its Threaded PediGuard for anterior spine surgery in Europe
2024-09-03,ecopetrol,EC,0.9612,British government-funded research to explore use of “nudging techniques” to encourage people to EAT BUGS
2024-09-03,ecopetrol,EC,0.0,【大広 × ECのプロ　無料オンラインセミナー】「顧客の声」をAIで活かしきる!ダイレクトマーケティングにおける生成AI活用の新潮流
2024-09-03,ecopetrol,EC,0.0,"Chronological Reading for Tuesday September 3, 2024 (NIV)"
2024-09-03,ecopetrol,EC,0.0,400Fが提供する金融DXソリューション「オカネコDX」を、デロイト トーマツ コンサルティングが採用
2024-09-03,ecopetrol,EC,0.0,【参加無料ウェビナー】～LTVを最大化～ 「LINEアカウント連携」で実現する店舗とECのオムニチャネル戦略」
2024-09-03,ecopetrol,EC,0.0,400F400Fが提供する金融DXソリューション「オカネコDX」を、デロイト トーマツ コンサルティングが採用
2024-09-03,ecopetrol,EC,0.0,株式会社今井書店グループリアル書店とネット通販との共存を実現　今井書店の公式会員アプリ「BookStore」にてEC(通販）機能・ポイントチャージ機能をリリース
2024-09-03,ecopetrol,EC,0.0,イートアンドHD何にかけても本格中華になる“神ソース”誕生！大阪王将公式通販「かけるだけ！万能麻辣だれ」新発売
2024-09-03,ecopetrol,EC,0.3182,インタセクト・コミュニケーションズ株式会社観光・宿泊産業マーケティングセミナー「第101回JARCゼミナール」にインタセクトが登壇
2024-09-03,petrobras,PBR,0.9403,Argentina and Brazil Take Different Approaches to Energy Policy
2024-09-03,petrobras,PBR,0.9657,"Bluetooth SIG Introduces True Distance Awareness New Secure, Fine Ranging Feature Enhances Bluetooth® Connected Devices"
2024-09-03,petrobras,PBR,0.6705,Angel Amelia by Emi Elve
2024-09-03,petrobras,PBR,0.6996,Techwear Girl Mina by Emi Elve
2024-09-03,petrobras,PBR,0.6705,Low-poly Stylized cartoon Goblin by Akyl
2024-09-03,petrobras,PBR,0.9136,White Fabric Headboard by daviddanji
2024-09-03,interconexion_electrica,ISA,-0.9678,10 anti-government protesters go on trial for treason in Nigeria
2024-09-03,petrobras,PBR,0.9633,Black Wooden Cabinet by daviddanji
2024-09-03,petrobras,PBR,0.7351,5 Bell Peppers - Capsicum - Low Poly Realistic Vegetable by Ethereal Grace
2024-09-03,petrobras,PBR,0.807,Construction Props MegaPack by EVOLVE Studio LTD
2024-09-03,ecopetrol,EC,0.128,"PASOK, the political phenomenon that reshaped Greece turns 50: Its rise, fall, and undefined future"
2024-09-03,ecopetrol,EC,0.0,【9/4～9/29】ポップアートEC「POP ART BANANAS」初のポップアップが、湘南T-SITEに期間限定オープン
2024-09-03,ecopetrol,EC,0.0,ADVANZ PHARMA’s response to European Commission revocation of conditional marketing authorisation for OCALIVA® in rare disease Primary Biliary Cholangitis (PBC)
2024-09-03,ecopetrol,EC,-0.5267,New global guidance aims to curb antibiotic pollution from manufacturing
2024-09-03,ecopetrol,EC,-0.9217,Colombian truckers block highways in main cities in protest over increases in fuel prices
2024-09-03,ecopetrol,EC,-0.91,Colombian truckers block highways in main cities in protest over increases in fuel prices
2024-09-03,ecopetrol,EC,-0.91,Colombian truckers block highways in main cities in protest over increases in fuel prices
2024-09-03,ecopetrol,EC,-0.91,Colombian truckers block highways in main cities in protest over increases in fuel prices
2024-09-03,ecopetrol,EC,-0.93,Colombian truckers block highways in main cities in protest over increases in fuel prices
2024-09-03,ecopetrol,EC,0.9801,NASA Ames Astrogram – July/August 2024
2024-09-03,ecopetrol,EC,0.9801,NASA Ames Astrogram – July/August 2024
2024-09-03,ecopetrol,EC,0.6705,How to make the most of your first year at Harvard
2024-09-03,ecopetrol,EC,0.4404,"Hawaiian Air: New York – Maui, Hawaii (and vice versa). $408 (Basic Economy) / $548 (Regular Economy). Roundtrip, including all Taxes"
2024-09-03,ecopetrol,EC,0.4404,"Air Canada: Seattle – Quebec City, Canada. $247 (Basic Economy) / $333 (Regular Economy). Roundtrip, including all Taxes"
2024-09-03,petrobras,PBR,0.7003,Vintage Electrical Plug Type C by pavelvesnin
2024-09-03,ecopetrol,EC,0.9682,Feature: Blasphemous Devs Talk Switching From Metroidvania To RTS Stealth In 'The Stone Of Madness'
2024-09-03,ecopetrol,EC,0.8481,A citation analysis of (f)MRI papers that cited Lieberman and Cunningham (2009) to justify their statistical threshold
2024-09-03,ecopetrol,EC,0.2263,Salivary immune responses after COVID-19 vaccination
2024-09-03,ecopetrol,EC,-0.9652,Low dose TamOxifen and LifestylE changes for bReast cANcer prevention (TOLERANT study): Study protocol of a randomized phase II biomarker trial in women at increased risk for breast cancer
2024-09-03,ecopetrol,EC,0.4939,Prevalence and factors associated with external HIV-related stigma in the South African population: Results from the 2017 population-based household survey
2024-09-03,ecopetrol,EC,-0.7351,Genomic transfers help to decipher the ancient evolution of filoviruses and interactions with vertebrate hosts
2024-09-03,ecopetrol,EC,0.4588,nrt-validate added to PyPI
2024-09-03,ecopetrol,EC,-0.2023,Steve Ballmer's incorrect binary search interview question
2024-09-03,ecopetrol,EC,-0.7096,"Vulnerability Summary for the Week of August 26, 2024"
2024-09-03,ecopetrol,EC,0.0,【シャントリボディ】期間限定ストアを渋谷モディで開催決定！TELESA新商品もついに販売開始！
2024-09-03,ecopetrol,EC,0.9633,"Panagora Asset Management Inc. Purchases Shares of 90,881 Travere Therapeutics, Inc. (NASDAQ:TVTX)"
2024-09-03,ecopetrol,EC,0.0,XTB: Zawiadomienie od XX ZW Investment Group S.A. o rozpoczęciu procesu sprzedaży części posiadanych przez nią akcji Spółki w ramach przyspieszonej budowy księgi popytu
2024-09-03,petrobras,PBR,0.7003,Power Plug Type H by pavelvesnin
2024-09-03,petrobras,PBR,0.9595,Restaurant Square Table with Metal Base and Wood Top by daviddanji
2024-09-03,petrobras,PBR,0.7003,IEC C13 Female Plug by pavelvesnin
2024-09-03,pampa_energía,PAM,0.9286,2024’s Comedians You Should and Will Know
2024-09-03,pampa_energía,PAM,0.5267,Design and Validation of Guide RNAs for CRISPR-Cas9 Genome Editing in Mosquitoes
2024-09-03,petrobras,PBR,0.7003,Power Cable IEC C5 by pavelvesnin
2024-09-03,aes_andes,AES,0.6124,git-secret-protector added to PyPI
2024-09-03,interconexion_electrica,ISA,0.7506,More awareness needed on mpox
2024-09-03,interconexion_electrica,ISA,0.0,Police keeping eye on swingers as probe into sex club completed
2024-09-03,interconexion_electrica,ISA,-0.8971,Extradition bid: Queensland police seek Te Puke man’s return to face 2017 serious assault charge
2024-09-03,interconexion_electrica,ISA,-0.9896,Israel Eliminates Hamas Terrorist Who Murdered Father in Front of Kids on October 7
2024-09-03,interconexion_electrica,ISA,-0.5106,"Dana-Farber CEO Laurie Glimcher to step down, Benjamin Ebert to replace her"
2024-09-03,interconexion_electrica,ISA,0.6722,‘Meme stock’ investors are trying to catch up with a financial system which has left them behind – new research
2024-09-03,pampa_energía,PAM,0.7906,Overcoming CRISPR-Cas9 off-target prediction hurdles: A novel approach with ESB rebalancing strategy and CRISPR-MCA model
2024-09-03,interconexion_electrica,ISA,0.9001,15 Art Shows to See in Los Angeles This Fall
2024-09-03,interconexion_electrica,ISA,0.836,"Disney+ Gives up on Streaming Content, Swerves Back to Cable"
2024-09-03,aes_andes,AES,0.9625,Semiconductor Innovations Fueling The Growth Of AI 2.0
2024-09-03,interconexion_electrica,ISA,0.765,Qantas 72-Hour Footy Finals Offer 25% off Return Economy Fares (Ex Taxes) SYD/MEL Ends 4th September
2024-09-03,interconexion_electrica,ISA,0.8481,Catholic Caucus: Daily Mass Readings 3-September-2024
2024-09-03,interconexion_electrica,ISA,-0.1531,Russia’s Burevestnik Is No Wonder Weapon
2024-09-03,pampa_energía,PAM,-0.1027,Sebastian Stan As Donald Trump In 'The Apprentice' First Look
2024-09-03,interconexion_electrica,ISA,-0.697,Your Cynicism Isn’t Helping Anybody
2024-09-03,interconexion_electrica,ISA,0.9383,CFO of the Year: NZME’s David Mackrell wins prestigious award
2024-09-03,pampa_energía,PAM,0.25,Filming begins for final Gavin And Stacey episode
2024-09-03,interconexion_electrica,ISA,-0.9963,IDF: Terrorist Who Murdered Israeli Father in Front of Children Has Been Killed
2024-09-03,interconexion_electrica,ISA,0.8402,"Electrifying Africa: ISA to launch $100 million solar facility, insurance mechanism to accelerate solar power projects"
2024-09-03,aes_andes,AES,0.8176,iProVPN 1-Year Subscription for $9
2024-09-03,aes_andes,AES,0.8176,iProVPN 1-Year Subscription for $9
2024-09-03,aes_andes,AES,0.8176,iProVPN 1-Year Subscription for $9
2024-09-03,petrobras,PBR,0.7003,IEC C15 Female Plug by pavelvesnin
2024-09-03,petrobras,PBR,0.7003,Electrical Plug Type C Old by pavelvesnin
2024-09-03,petrobras,PBR,0.7003,Electrical Plug Type G by pavelvesnin
2024-09-03,petrobras,PBR,0.7003,Power Cord Plug Type G by pavelvesnin
2024-09-03,petrobras,PBR,0.9169,Stylized Cartoon Water Well - Low Poly Medieval Style by Ethereal Grace
2024-09-03,petrobras,PBR,0.6705,Tripod by marlex_dev
2024-09-03,aes_andes,AES,0.8176,iProVPN 1-Year Subscription for $9
2024-09-03,pampa_energía,PAM,-0.9042,Sinag Maynila 2024: ‘As the Moth Flies’ examines the mind of a person battling mental illness
2024-09-03,pampa_energía,PAM,0.2263,How To Unlock The Movie Theater In Stardew Valley
2024-09-03,pampa_energía,PAM,0.3612,"The Smurfs Movie: Release Date, Cast, And Other Things We Know"
2024-09-03,pampa_energía,PAM,-0.872,Billions spent on cladding removal after Grenfell
2024-09-03,pampa_energía,PAM,0.9758,Startlingly beautiful sentences and perfect last lines
2024-09-03,pampa_energía,PAM,0.0,"What we know about the new 'The Lord of the Rings' movie, as Ian McKellen says he's open to returning as Gandalf"
2024-09-03,pampa_energía,PAM,0.0,"Christa McAuliffe, still pioneering, is first woman with a statue on New Hampshire capitol grounds"
2024-09-03,pampa_energía,PAM,0.9343,White Texas Sheet Cake
2024-09-03,aes_andes,AES,0.8225,Five ways to improve your chart axes
2024-09-03,aes_andes,AES,0.9398,Will Physical Modeling Replace Sampling? (in: moForte)
2024-09-03,aes_andes,AES,0.9421,Best SSDs You Can Get In September 2024
2024-09-03,aes_andes,AES,0.8176,iProVPN 1-Year Subscription for $9
2024-09-03,aes_andes,AES,0.8176,iProVPN 1-Year Subscription for $9
2024-09-03,pampa_energía,PAM,-0.6124,Can't login to Ubuntu 24.04 when Yubico key is inserted
2024-09-04,aes_andes,AES,0.936,Adidas Supernova Rise Green Spark / Wonder Blue
2024-09-04,aes_andes,AES,0.9042,Concurrent Investment Advisors LLC Makes New Investment in The AES Co. (NYSE:AES)
2024-09-04,aes_andes,AES,-0.8166,"Eliminate ads and trackers with Windscribe VPN, now $79 (Reg. $207)"
2024-09-04,aes_andes,AES,-0.6124,hoardy-adb added to PyPI
2024-09-04,pampa_energía,PAM,-0.126,"First Look At ‘Barney’s World,’ Set To Premiere On Max Next Month"
2024-09-04,aes_andes,AES,0.96,AI Technology is Revolutionizing File Transfer Security
2024-09-04,aes_andes,AES,0.0772,Roche’s fenebrutinib demonstrated near-complete suppression of disease activity and disability progression for up to 48 weeks in patients with relapsing multiple sclerosis
2024-09-04,ypf,YPF,0.9153,Vista Energy to pump more than $1 billion into growing Argentina shale
2024-09-04,pampa_energía,PAM,0.9904,Jay Leno Will Appear At Virtual ‘Courage Rising’ Doc Premiere Benefitting Fellow Burn Survivors
2024-09-04,pampa_energía,PAM,0.8074,Apple TV+’s Wolfs Review: George Clooney And Brad Pitt’s Dramedy Of Cleaners Is An Effortless Joyride
2024-09-04,aes_andes,AES,0.6597,QOwnNotes 24.9.1
2024-09-04,pampa_energía,PAM,-0.9552,Aurora Business Owner Describes Migrant Chaos: ‘We’ve Been Forced to Put Bulletproof Glass Up’
2024-09-04,ypf,YPF,0.8779,Vista Energy to pump more than $1 billion into growing Argentina shale
2024-09-04,pampa_energía,PAM,0.9825,Turley: Harris-Walz Administration Would Be 'Perfect Nightmare for Free Speech
2024-09-04,ecopetrol,EC,-0.7351,'Genmab stock stabilized but faces uncertainties ahead' says Morgan Stanley
2024-09-04,ecopetrol,EC,0.0,カウンターワークスが登録出店者を対象にした「リアル店舗の出店実態調査2024」を発表
2024-09-04,ecopetrol,EC,0.851,How embedded insurance solutions bridge the protection gap for luxury goods
2024-09-04,ecopetrol,EC,0.0,ルミネ新宿初出店！行列のできる横浜ブランド。クラフトチョコレート専門店VANILLABEANSが 9月5日(木)～LUMINE1地下2階にてポップアップ販売開始
2024-09-04,ecopetrol,EC,0.0,MOTTERU　これさえあれば間違いなし！PD30Wの軽量＆コンパクト USB-CポートAC充電器と便利な２in１ケーブルに新色が登場
2024-09-04,ecopetrol,EC,0.0,株式会社MOTTERUMOTTERU　これさえあれば間違いなし！PD30Wの軽量＆コンパクト USB-CポートAC充電器と便利な２in１ケーブルに新色が登場
2024-09-04,ecopetrol,EC,0.34,"Chronological Reading for Wednesday September 4, 2024 (NIV)"
2024-09-04,pampa_energía,PAM,0.8934,32 Of The Most Rewatchable TV Shows Ever
2024-09-04,petrobras,PBR,0.3612,South America Leads Global Crude Oil Supply Growth
2024-09-04,petrobras,PBR,-0.6369,Colombia Pipeline Attacks Hit Ecopetrol Output
2024-09-04,petrobras,PBR,0.5267,Behind the Scenes: C r o m o
2024-09-04,petrobras,PBR,0.9136,Round TV Stand by daviddanji
2024-09-04,petrobras,PBR,0.7845,Vegetation Pack - Toby Foliage Engine Assets by Tobyfredson
2024-09-04,petrobras,PBR,0.9607,"BNP PARIBAS ASSET MANAGEMENT Holding S.A. Takes $217,000 Position in Petróleo Brasileiro S.A. – Petrobras (NYSE:PBR)"
2024-09-04,petrobras,PBR,0.9776,Bluetooth Channel Sounding enhances security of Bluetooth connected devices
2024-09-04,ecopetrol,EC,0.9514,株式会社ＵＳＥＹＡデジタルシェア工房「USEYA ADVANCED INDUSTRY」が『XR Awards 2024』のファイナリストにノミネート
2024-09-04,ecopetrol,EC,0.0,専門医・管理栄養士が監修する制限食の冷凍宅配弁当サービス「Dr.つるかめキッチン」がクラダシにジョイン
2024-09-04,ecopetrol,EC,0.0,肌トラブルが増える季節の変わり目に肌に合わせた2つのスキンケアシリーズが発売
2024-09-04,ecopetrol,EC,0.34,Libraries
2024-09-04,ecopetrol,EC,-0.4632,The 2024 Presidential Election comes down to two states which are somehow not Joy and Anger [Obvious]
2024-09-04,ecopetrol,EC,0.9451,Amazon - Rocket RGB USB C 20Gbps M.2 SATA/NVMe SSD Enclosure (EC-RGBG) $29.99
2024-09-04,ecopetrol,EC,0.9118,3-Mile 2023 Ducati Streetfighter V4 Lamborghini at No Reserve
2024-09-04,ecopetrol,EC,-0.6369,Colombia Pipeline Attacks Hit Ecopetrol Output
2024-09-04,ecopetrol,EC,0.9493,US Government Set Out to Improve Internet Routing Security
2024-09-04,ecopetrol,EC,-0.5574,EC enforces exit poll ban during J&K Assembly elections
2024-09-04,ecopetrol,EC,0.9231,Harnessing your self-image and self-understanding: The role of “career anchors”
2024-09-04,petrobras,PBR,0.9479,"Bluetooth 6.0 features accurate two-way ranging using Channel Sounding, latency reduction, improved scanning efficiency, and more"
2024-09-04,ecopetrol,EC,-0.8591,EC enforces exit poll ban during J-K Assembly elections
2024-09-04,ecopetrol,EC,0.7149,Where Does All the Money Go?
2024-09-04,ecopetrol,EC,0.0,"Harris-Walz Co-Chair on If They’re Addressing Economy, Border Enough: ‘Abortion Is About the Economy’"
2024-09-04,ecopetrol,EC,0.743,New Research Reveals Emergence of New Variants of Coronavirus to Boost COVID-19 Therapeutics Market Growth
2024-09-04,ecopetrol,EC,-0.5423,News story: Revisions to the charges for delivering the National Residues Control Programme
2024-09-04,ecopetrol,EC,0.3818,Bottom 10: Dark days in the Sunshine State
2024-09-04,ecopetrol,EC,-0.8271,Petitioner seeks probe into Thaksin’s ‘control’
2024-09-04,ecopetrol,EC,0.4767,"Event Announcement: PrivacyNama 2024, October 3rd and 4th #Ad"
2024-09-04,ecopetrol,EC,0.5577,Prior exposure to pathogens augments host heterogeneity in susceptibility and has key epidemiological consequences
2024-09-04,petrobras,PBR,0.8271,Marmoset releases Toolbag 5.0 in free public beta
2024-09-04,ecopetrol,EC,0.7556,インタセクト・コミュニケーションズ株式会社楽天市場での順位戦略を制す！順位チェック＆分析レポート作成ツールのご紹介【無料セミナー9/17（火）】
2024-09-04,pampa_energía,PAM,0.6801,smbclient is not using my Kerberos token
2024-09-04,pampa_energía,PAM,-0.0387,Silent prayer outside of abortion clinics is a form of reproductive coercion (Barf Alert)
2024-09-04,pampa_energía,PAM,0.8225,"‘Drinks on me’ says Aryna Sabalenka, back in the US Open semifinals for 4th year in a row"
2024-09-04,pampa_energía,PAM,0.5423,"Lady Gaga, Joaquin Phoenix & Todd Phillips On Why ‘Joker: Folie À Deux’ Isn’t Really A Musical, Phoenix Also Talks Exit From Todd Haynes Pic — Venice"
2024-09-04,pampa_energía,PAM,0.0,‘Barney’ Franchise Revived at Max With New Series ‘Barney’s World’
2024-09-04,pampa_energía,PAM,0.0,‘Barney’s World’ Animated Reboot to Premiere in October on Max
2024-09-04,pampa_energía,PAM,0.9798,"Aryna Sabalenka Celebrates US Open Win With Offer To Fans, 'Drinks On Me Tonight?!'"
2024-09-04,pampa_energía,PAM,0.0,"Barney's World to Premiere Monday, October 14 on Max"
2024-09-04,pampa_energía,PAM,0.0,Stripping for parts
2024-09-04,pampa_energía,PAM,0.8316,"Barney’s World: New Animated show’s release date, episode count, where to watch, trailer, voice cast and characters"
2024-09-04,petrobras,PBR,-0.8481,"Global borrowing blitz led by blue chips selling $43 bn in bonds, loans"
2024-09-04,pampa_energía,PAM,0.0,'I don't have anywhere else to go': Family's home faces demolition order from Bay County
2024-09-04,pampa_energía,PAM,0.6597,Ramaswamy: Kamala Harris Sued Obama to Stop Fracking
2024-09-04,pampa_energía,PAM,-0.9001,Muchova fights through discomfort to reach semis
2024-09-04,pampa_energía,PAM,-0.9042,Aurora Business Owner Describes Migrant Chaos: 'We've Been Forced to Put Bulletproof Glass Up'
2024-09-04,pampa_energía,PAM,0.253,Genealogy Education Bytes - Week of 29 August to 4 September 2024
2024-09-04,pampa_energía,PAM,-0.4939,US Elections 2024: How an Ohio town landed in the middle of the immigration debate
2024-09-04,pampa_energía,PAM,0.8316,Addex to Participate in the H.C. Wainwright 26th Annual Global Investment Conference
2024-09-04,pampa_energía,PAM,0.8885,Aryna Sabalenka tries to 'bribe' US Open crowd to win their support against Emma Navarro
2024-09-04,minas_buenaventura,BVN,0.9741,Compañía de Minas Buenaventura S.A.A. (NYSE:BVN) Shares Acquired by BNP PARIBAS ASSET MANAGEMENT Holding S.A.
2024-09-04,interconexion_electrica,ISA,-0.9618,Murdered Israeli Hostages Were Found in Tunnel Under Children's Room
2024-09-04,interconexion_electrica,ISA,-0.8834,H D Kumaraswamy vouches for raising import duty on steel from 7.5% to 12%
2024-09-04,pampa_energía,PAM,0.8689,NYU Professor Galloway: Young Men 'Don't Feel Seen' by the Democratic Party
2024-09-04,interconexion_electrica,ISA,0.8402,Rachel Reeves is right to scrap Jeremy Hunt’s gimmicky British Isa | Nils Pratley
2024-09-04,interconexion_electrica,ISA,0.4215,'Meme stock' investors are trying to catch up with a financial system which has left them behind
2024-09-04,interconexion_electrica,ISA,0.2023,"NFRA, ICAI can resolve differences over auditing practice, says official"
2024-09-04,interconexion_electrica,ISA,0.6641,Are you selling ahead of a capital gains tax rise?
2024-09-04,interconexion_electrica,ISA,-0.25,"Bahrain's king pardons over 450 inmates, including those identified as political prisoners"
2024-09-04,interconexion_electrica,ISA,0.9042,6 Metaphors the Bible Uses for the Church
2024-09-04,interconexion_electrica,ISA,0.1531,"Intel's Lunar Lake reignites PC competition, Core Ultra Series 2 is now official"
2024-09-04,interconexion_electrica,ISA,0.34,"Chronological Reading for Wednesday September 4, 2024 (NIV)"
2024-09-04,interconexion_electrica,ISA,0.8807,Hailey Bieber Unveils New Diamond ‘Mom’ Ring After Giving Birth to Baby Jack
2024-09-05,ecopetrol,EC,0.0,"Mahkota polls: Only one nomination form sold as of Sept 5, says EC"
2024-09-05,ecopetrol,EC,0.0,株式会社リワイア【開催レポート】AIによる注目すべき変化をお届けするマーケティングセミナー「AI of CHANCE：24年8月号」
2024-09-05,ecopetrol,EC,0.3182,Contentsquare Japan合同会社カウネットがContentsquareを導入、顧客体験の要と位置づけるUI・UXの改善を加速
2024-09-05,pampa_energía,PAM,0.0,Carville: Only Way GOP Can Recover Is 'Through a Blowout' of Trump in November
2024-09-05,pampa_energía,PAM,-0.6124,CNN's Burnett: Harris Repeatedly Slammed Trump's Wall and Now Features It in Ads
2024-09-05,pampa_energía,PAM,0.0,Carville: Only Way GOP Can Recover Is ‘Through a Blowout’ of Trump in November
2024-09-05,ecopetrol,EC,-0.9371,"Colombia trucker protests threaten fuel supplies, state oil company operations"
2024-09-05,ecopetrol,EC,-0.9517,"Colombia trucker protests threaten fuel supplies, state oil company operations"
2024-09-05,ecopetrol,EC,0.0,New Commerce Ventures株式会社国内初コマース・リテール領域のスタートアップカンファレンス『New Commerce Conference』開催
2024-09-05,ecopetrol,EC,0.4767,アイランド株式会社「お取り寄せNo.1」を決定する「ベストお取り寄せ大賞2024」ユーザー投票開始　10/18実食審査会　11/21結果発表＜おとりよせネット＞
2024-09-05,ecopetrol,EC,0.0,＜通販スタート・リスタート/都内中小事業者限定＞９月２７日（金）開催！東京都「通販・ECのまなびば」セミナー＆個別相談会　申し込み受付中【参加無料】
2024-09-05,ecopetrol,EC,0.0,【調査レポート】円安が加速し、海外展開支援が活発な今、製造業の機運は？約4割が、海外進出の必要性を実感する一方で、うち54.8%が、具体的な行動を「起こしていない」実態
2024-09-05,pampa_energía,PAM,-0.9565,Caitlin Clark Accused Of Stat-Padding By Critics During Record-Breaking Performance Vs Sparks
2024-09-05,ecopetrol,EC,0.0,カウネットがContentsquareを導入、顧客体験の要と位置づけるUI・UXの改善を加速
2024-09-05,interconexion_electrica,ISA,0.357,"Chronological Reading for Thursday September 5, 2024 (NIV)"
2024-09-05,ecopetrol,EC,0.3182,Ｗ２株式会社W２、購入体験プラットフォーム「Recustomer」とAPI連携を開始
2024-09-05,ecopetrol,EC,0.1779,日本ECサービス株式会社【9月20日（金）東京開催】楽天ショップのアクセス対策とレビュー施策を徹底解説！ピノスタジオと上野風月堂をゲストに攻略法も大公開！
2024-09-05,ecopetrol,EC,0.0,NOVARCA、資生堂ジャパンとのツーリストマーケティングに関する戦略アドバイザーパートナーシップを構築
2024-09-05,ecopetrol,EC,0.3182,株式会社ネットプロテクションズネットプロテクションズ、後払い決済「atone」をインテリアショップ「Francfranc」のオンラインストアに提供開始
2024-09-05,ecopetrol,EC,0.4588,株式会社Picaroフリジャパン株式会社、米国Amazonにおいて2024年セラーモデル（3P）の上位3％に選出
2024-09-05,aes_andes,AES,-0.8748,Sheep Thrive In Solar Project Opponents Tried To Kill
2024-09-05,aes_andes,AES,0.3182,Samsung 2TB 990 EVO PCIe 4.0 x4 / 5.0 x2 M.2 Internal SSD on sale for $99.99 USD
2024-09-05,ecopetrol,EC,0.0,【地銀連携2行目 愛知銀行】EC支援で名産品を全国へ届ける
2024-09-05,aes_andes,AES,0.0036,Side by Side Comparison – Gleam vs R
2024-09-05,ecopetrol,EC,0.357,"Chronological Reading for Thursday September 5, 2024 (NIV)"
2024-09-05,ecopetrol,EC,0.0,保証事業拡大の一歩「つながる端末保証」事業を譲受
2024-09-05,petrobras,PBR,0.6705,Bench by 3D Planet
2024-09-05,interconexion_electrica,ISA,0.9413,"Old/New Testament Reading for Thursday September 5, 2024 (NIV)"
2024-09-05,ecopetrol,EC,0.7762,2024.10.28 パンダの日連動「お客さまが撮影した上野動物園歴代パンダの写真で作るオリジナル商品プロジェクト」いよいよ始動！
2024-09-05,ecopetrol,EC,0.9432,How the U.S. Oversight Doctrine Gained a Toehold in Europe
